"id","depot_code","depot_name","route_code","route_name"
"1","RD05","Dhaka Bio Tech Depot","400645","Dhaka Biotech Plant Counter Sales"
"2","RD05","Dhaka Bio Tech Depot","401013","Online Sales In side Dhaka"
"3","RD05","Dhaka Bio Tech Depot","401014","Online Sales Out side Dhaka"
"4","RD06","Dhaka West Depot","400107","Zigatola, Dhaka"
"5","RD06","Dhaka West Depot","400108","Townhall, Dhaka"
"6","RD06","Dhaka West Depot","400109","Kazipara, Dhaka"
"7","RD06","Dhaka West Depot","400110","Collegegate, Dhaka"
"8","RD06","Dhaka West Depot","400111","Sankor, Dhaka"
"9","RD06","Dhaka West Depot","400112","Pollobi, Dhaka"
"10","RD06","Dhaka West Depot","400113","Mirpur-01, Dhaka"
"11","RD06","Dhaka West Depot","400114","Mohammadpur, Dhaka"
"12","RD06","Dhaka West Depot","400115","Cantonment -1, Dhaka"
"13","RD06","Dhaka West Depot","400120","Mirpur-02, Dhaka"
"14","RD06","Dhaka West Depot","400122","Rupnagor, Dhaka"
"15","RD06","Dhaka West Depot","400123","Mirpur-10, Dhaka"
"16","RD06","Dhaka West Depot","400124","Nowabgonj - 1, Dhaka"
"17","RD06","Dhaka West Depot","400125","Nowabgonj - 2, Dhaka"
"18","RD06","Dhaka West Depot","400126","Nowabgonj- 3, Dhaka"
"19","RD06","Dhaka West Depot","400127","Dohar-1, Dhaka"
"20","RD06","Dhaka West Depot","400128","Dohar-2, Dhaka"
"21","RD06","Dhaka West Depot","400129","Shamoly, Dhaka"
"22","RD06","Dhaka West Depot","400131","Kalabagan, Dhaka"
"23","RD06","Dhaka West Depot","400132","Cantonment -2, Dhaka"
"24","RD06","Dhaka West Depot","400824","DHK West Plant Counter Sales"
"27","RD06","Dhaka West Depot","400920","Bosila, Dhaka"
"28","RD06","Dhaka West Depot","400926","Kalatia, Dhaka"
"29","RD06","Dhaka West Depot","401009","Tolarbag, Dhaka"
"30","RD06","Dhaka West Depot","401010","Mirpur 12, Dhaka"
"31","RD07","Chattogram East Depot","400794","Oxyzen , Chattogram"
"32","RD07","Chattogram East Depot","400795","DT Road, Chattogram"
"33","RD07","Chattogram East Depot","400796","Bibirhat Kazirhat, CTG"
"34","RD07","Chattogram East Depot","400797","Nazirhat, Chattogram"
"35","RD07","Chattogram East Depot","400798","Sarkar Hat, CTG"
"36","RD07","Chattogram East Depot","400800","Noapara, Chattogram"
"37","RD07","Chattogram East Depot","400801","Rawzan,Chattogram"
"38","RD07","Chattogram East Depot","400802","Chandraghona, Rangamati"
"39","RD07","Chattogram East Depot","400803","Padua, Rangamati"
"40","RD07","Chattogram East Depot","400804","Dhamoirh Hat, Rangamati"
"41","RD07","Chattogram East Depot","400806","Bahadder Hat, CTG"
"42","RD07","Chattogram East Depot","400807","Haque Mkt., CTG"
"43","RD07","Chattogram East Depot","400808","Hathazari B/S, CTG"
"44","RD07","Chattogram East Depot","400809","Chowdhury Hat, CTG"
"45","RD07","Chattogram East Depot","400810","Nujumiarhat, CTG"
"46","RD07","Chattogram East Depot","400811","Khagrachari, Khagrachari"
"47","RD07","Chattogram East Depot","400812","Rangamati, Rangamati"
"48","RD07","Chattogram East Depot","400813","Rowzer Hat, CTG"
"49","RD07","Chattogram East Depot","400814","Halishahar, CTG"
"50","RD07","Chattogram East Depot","400815","Hathazari M/G, CTG"
"51","RD07","Chattogram East Depot","400816","Muradpur, Chattogram"
"52","RD07","Chattogram East Depot","400817","Azadi Bazar, CTG"
"53","RD07","Chattogram East Depot","400818","Colonel Hat, CTG"
"54","RD07","Chattogram East Depot","400819","Kalurghat, CTG"
"55","RD07","Chattogram East Depot","400820","Chowmohony Agrabad, CTG"
"56","RD07","Chattogram East Depot","400821","Nazirhat (Credit), CTG"
"57","RD07","Chattogram East Depot","400822","Maini Bazar, Rangamati"
"58","RD07","Chattogram East Depot","400823","Bibirhat Bazar, CTG"
"59","RD07","Chattogram East Depot","400854","Manikchari"
"60","RD07","Chattogram East Depot","400855","Nanupur, Nazirhat"
"61","RD07","Chattogram East Depot","400876","Alongkar, Chattogram"
"62","RD07","Chattogram East Depot","400877","Kuwish, Chattogram"
"63","RD07","Chattogram East Depot","400883","Bakalia, Chattogram"
"64","RD07","Chattogram East Depot","400911","Naniarchar, Rangamati"
"65","RD07","Chattogram East Depot","400972","Noya Bazar Halishahar, CTG"
"66","RD07","Chattogram East Depot","400973","Kaptai, Rangamati"
"67","RD07","Chattogram East Depot","400974","Dighinala, Khagrachari"
"68","RD07","Chattogram East Depot","400975","Moulovi Bazar Kalurghat, CTG"
"69","RD07","Chattogram East Depot","400976","Aman Bazar, CTG"
"70","RD08","Chattogram West Depot","400075","CTG West Plant Counter Sales"
"71","RD08","Chattogram West Depot","400076","Medical Gate, Chattorgam"
"72","RD08","Chattogram West Depot","400077","Chalk Bazar,CTG"
"73","RD08","Chattogram West Depot","400078","Hazari Lane - 1, CTG"
"74","RD08","Chattogram West Depot","400079","Hazari Lane - 2, CTG"
"75","RD08","Chattogram West Depot","400080","Sadorghat, CTG"
"76","RD08","Chattogram West Depot","400081","Jamal Khan, CTG"
"77","RD08","Chattogram West Depot","400082","Agrabad, Chattogram"
"78","RD08","Chattogram West Depot","400083","OR Nizam Road, CTG"
"79","RD08","Chattogram West Depot","400084","Bondor, Chattogram"
"80","RD08","Chattogram West Depot","400087","College Bazar, CTG"
"81","RD08","Chattogram West Depot","400088","Sitakunda, CTG"
"82","RD08","Chattogram West Depot","400089","Anwara Chowmohony, CTG"
"83","RD08","Chattogram West Depot","400092","Sandwip, Chattogram"
"85","RD08","Chattogram West Depot","400099","Nevy Gate, CTG"
"86","RD08","Chattogram West Depot","400101","Shantir Hat, CTG"
"87","RD08","Chattogram West Depot","400103","Bhatiary, Chattogram"
"88","RD08","Chattogram West Depot","400104","Panchlaish, CTG"
"89","RD08","Chattogram West Depot","400105","Rustomhat Anwara, Chittagong"
"90","RD08","Chattogram West Depot","400805","Boalkhali, CTG"
"91","RD08","Chattogram West Depot","400931","Lalkhan, Chattogram"
"92","RD08","Chattogram West Depot","400962","Boalkhali-1,CTG"
"93","RD08","Chattogram West Depot","400963","Nevy Gate-1, CTG"
"94","RD08","Chattogram West Depot","400964","Sandwip-1, Chattogram"
"95","RD09","Sylhet Depot","400490","Ambakhana,Sylhet"
"96","RD09","Sylhet Depot","400491","Upasahar,Sylhet"
"97","RD09","Sylhet Depot","400492","Medical,Sylhet"
"98","RD09","Sylhet Depot","400493","Stadium,Sylhet"
"99","RD09","Sylhet Depot","400494","Chowhatta,Sylhet"
"100","RD50","Sunamganj Depot","400495","Dherai,Sylhet"
"101","RD09","Sylhet Depot","400496","Fenshugong,Sylhet"
"102","RD09","Sylhet Depot","400497","Islampur,Sylhet"
"103","RD09","Sylhet Depot","400498","Goalabazar,Sylhet"
"104","RD09","Sylhet Depot","400499","Charkhai,Sylhet"
"105","RD09","Sylhet Depot","400500","Kanaighat,Sylhet"
"106","RD09","Sylhet Depot","400501","Gashbari,Sylhet"
"107","RD50","Sunamganj Depot","400502","Sunamganj"
"108","RD50","Sunamganj Depot","400503","Gobindogonj,Sunamgonj"
"109","RD09","Sylhet Depot","400504","Golapgonj,Sylhet"
"110","RD09","Sylhet Depot","400505","Dhaka Dakhin,Sylhet"
"111","RD09","Sylhet Depot","400506","Companigonj,Sylhet"
"112","RD09","Sylhet Depot","400507","Jalalpur,Sylhet"
"113","RD09","Sylhet Depot","400508","Shorokerbazar,Sylhet"
"114","RD09","Sylhet Depot","400509","Jokigonj,Sylhet"
"115","RD50","Sunamganj Depot","400510","Jamalgonj,Sunamgonj"
"116","RD50","Sunamganj Depot","400511","Chattak,Sunamgonj"
"117","RD50","Sunamganj Depot","400512","Jogonnathpur,Sunamgonj"
"118","RD50","Sunamganj Depot","400513","Jawa Pagla,Sunamgonj"
"119","RD50","Sunamganj Depot","400514","Tahirpur,Sunamgonj"
"120","RD09","Sylhet Depot","400515","Jointapur,Sylhet"
"121","RD09","Sylhet Depot","400516","Balagonj,Sylhet"
"122","RD09","Sylhet Depot","400517","Goinghat,Sylhet"
"123","RD09","Sylhet Depot","400518","Bishwanath,Sylhet"
"124","RD09","Sylhet Depot","400519","Beanibazar,Sylhet"
"125","RD09","Sylhet Depot","400520","Sylhet Plant Counter Sales"
"126","RD09","Sylhet Depot","400521","Tajpur,Sylhet"
"127","RD09","Sylhet Depot","400522","Salutikor,Sylhet"
"128","RD09","Sylhet Depot","400523","Famus Market,Sylhet"
"129","RD09","Sylhet Depot","400856","Syedpur Sunamgonj"
"130","RD09","Sylhet Depot","400857","Lamakazi"
"131","RD09","Sylhet Depot","400868","Kamal Bazar"
"132","RD09","Sylhet Depot","400945","Tuker bazar, Sylhet"
"133","RD09","Sylhet Depot","400946","Boiragi Bazar,Sylhet"
"134","RD10","Mymensingh Depot","400315","Bakshiganj"
"135","RD10","Mymensingh Depot","400316","Balipara, Mymensingh"
"136","RD10","Mymensingh Depot","400317","Bhaluka, Mymensingh"
"137","RD10","Mymensingh Depot","400318","Charpara, Mymensingh"
"138","RD10","Mymensingh Depot","400319","Astodhar, Mymensingh"
"139","RD10","Mymensingh Depot","400320","Dhobaura, Mymensingh"
"140","RD10","Mymensingh Depot","400321","Durgabari, Mymensingh"
"141","RD10","Mymensingh Depot","400322","Durgapur, Netrakona"
"142","RD10","Mymensingh Depot","400323","Fulbaria, Mymensingh"
"143","RD10","Mymensingh Depot","400324","Gafergaon, Mymensingh"
"144","RD10","Mymensingh Depot","400325","Gouripur, Mymensingh"
"145","RD10","Mymensingh Depot","400326","Fulpur, Mymensingh"
"146","RD10","Mymensingh Depot","400327","Haluaghat, Mymensingh"
"147","RD10","Mymensingh Depot","400328","Issarganj, Mymensingh"
"148","RD10","Mymensingh Depot","400329","Kalibari, Mymensingh"
"149","RD10","Mymensingh Depot","400330","Kalmakanda, Netrakona"
"150","RD10","Mymensingh Depot","400331","Mohonganj, Netrakona"
"151","RD10","Mymensingh Depot","400332","Muktagacha, Mymensingh"
"152","RD10","Mymensingh Depot","400333","Mymensing Plant Counter Sales"
"153","RD10","Mymensingh Depot","400334","Netrakona, Netrakona"
"154","RD10","Mymensingh Depot","400335","Purbodhola, Netrakona"
"155","RD10","Mymensingh Depot","400336","Trisal, Mymensingh"
"156","RD10","Mymensingh Depot","400337","Tarakanda, Mymensingh"
"157","RD10","Mymensingh Depot","400338","CBMCBH, Mymensingh"
"158","RD10","Mymensingh Depot","400339","Shamgonj, Netrakona"
"159","RD10","Mymensingh Depot","400340","Modhupur, Mymensingh"
"160","RD10","Mymensingh Depot","400341","Bekurhati, Netrakona"
"161","RD10","Mymensingh Depot","400342","Charpara-02, Mymensingh"
"162","RD10","Mymensingh Depot","400343","Fulpur-2, Mymensingh"
"163","RD10","Mymensingh Depot","400344","Bhaluka-2, Mymensingh"
"164","RD10","Mymensingh Depot","400345","Kawrait, Mymensingh"
"165","RD10","Mymensingh Depot","400346","Lepshia, Netrakona"
"166","RD10","Mymensingh Depot","400347","Dapunia, Mymensingh"
"167","RD10","Mymensingh Depot","400915","Barhatta, Netrokona"
"168","RD10","Mymensingh Depot","400916","Boro Bazar, Netrokona"
"169","RD10","Mymensingh Depot","400917","Kachijhuli, Mymensingh"
"170","RD10","Mymensingh Depot","400952","Kandipara, Goforgaon"
"171","RD10","Mymensingh Depot","400953","Uthura, Bhaluka"
"172","RD11","Jashore Depot","400252","Jashore Plant Counter Sales"
"173","RD11","Jashore Depot","400253","Monirampur, Jashore"
"174","RD11","Jashore Depot","400254","Magura Sador"
"175","RD11","Jashore Depot","400255","Bongo Bazar, Jashore"
"176","RD11","Jashore Depot","400256","Lohagara, Narail"
"177","RD11","Jashore Depot","400258","Shalikha, Magura"
"178","RD11","Jashore Depot","400259","Keshobpur, Jashore"
"179","RD11","Jashore Depot","400260","Kaligonj, Jhenidah"
"180","RD11","Jashore Depot","400261","Jhikargacha, Jashore"
"181","RD11","Jashore Depot","400262","Jhenidah Sador"
"182","RD11","Jashore Depot","400263","Narail Sador"
"183","RD11","Jashore Depot","400264","Chowgacha, Jashore"
"184","RD46","Chuadanga Depot","400267","Harinakundu, Jhenidah"
"185","RD11","Jashore Depot","400268","Benapol, Jashore"
"186","RD11","Jashore Depot","400269","Bagharpara, Jashore"
"187","RD11","Jashore Depot","400270","Hospital Gate, Jashore"
"188","RD11","Jashore Depot","400271","Kalia, Narail"
"189","RD11","Jashore Depot","400272","Sreepur, Magura"
"190","RD11","Jashore Depot","400273","Mohammadpur, Magura"
"191","RD11","Jashore Depot","400274","Rupdia, Jashore"
"192","RD11","Jashore Depot","400275","Baro Bazar, Jashore"
"193","RD11","Jashore Depot","400863","Rajgong"
"194","RD11","Jashore Depot","400986","City Outside, Jashore"
"195","RD11","Jashore Depot","400987","Jhenidah Sador-2"
"196","RD11","Jashore Depot","400988","Keshopur-2, Jashore"
"197","RD12","Khulna Depot","400217","Heraj Market, Khulna"
"198","RD12","Khulna Depot","400218","Out Side, Khulna"
"199","RD12","Khulna Depot","400219","Medical Gate, Khulna"
"200","RD12","Khulna Depot","400220","Khalishpur, Khulna"
"201","RD12","Khulna Depot","400221","Phultala, Khulna"
"202","RD12","Khulna Depot","400222","Noapara, Jashore"
"203","RD12","Khulna Depot","400223","Dumuria, Khulna"
"204","RD12","Khulna Depot","400224","Fakirhat, Bagerhat"
"205","RD12","Khulna Depot","400225","Chalna, Khulna"
"206","RD12","Khulna Depot","400226","Mongla, Bagerhat"
"207","RD12","Khulna Depot","400227","Pirojpur, Sador"
"208","RD12","Khulna Depot","400228","Morelgonj, Bagerhat"
"209","RD12","Khulna Depot","400229","Bagerhat, Sador"
"210","RD12","Khulna Depot","400230","Terokhada, Khulna"
"211","RD12","Khulna Depot","400231","Khulna Plant Counter Sales"
"212","RD12","Khulna Depot","400232","Rayenda, Bagerhat"
"213","RD12","Khulna Depot","400233","Zia Nager, Pirojpur"
"214","RD12","Khulna Depot","400234","Bagerhat-2, Sador"
"215","RD12","Khulna Depot","400235","Mongla-2, Bagerhat"
"216","RD12","Khulna Depot","400933","Chitalmari, Bagerhat"
"217","RD13","Barishal Depot","400050","Gournadi, Barishal"
"218","RD13","Barishal Depot","400051","Sadar Road, Barishal"
"219","RD13","Barishal Depot","400052","Razapur, Jhalokathi"
"220","RD13","Barishal Depot","400054","Muladi, Barishal"
"221","RD13","Barishal Depot","400055","Bakergonj, Barishal"
"222","RD13","Barishal Depot","400056","Banaripara, Barishal"
"223","RD13","Barishal Depot","400057","Mothbaria, Pirojpur"
"224","RD13","Barishal Depot","400058","Band Road, Barishal"
"225","RD13","Barishal Depot","400060","Pathorghata, Borguna"
"226","RD13","Barishal Depot","400061","Mehendigonj, Barishal"
"227","RD13","Barishal Depot","400062","Jhalokathi Sadar, Jhalokathi"
"228","RD13","Barishal Depot","400063","Ujirpur, Barishal"
"229","RD13","Barishal Depot","400064","Natullabad, Barishal"
"230","RD13","Barishal Depot","400065","Swarupkathi, Pirojpur"
"231","RD13","Barishal Depot","400066","Nalcity, Jhalokathi"
"232","RD13","Barishal Depot","400067","Saheber Hat, Barishal"
"233","RD13","Barishal Depot","400068","Barishal Plant Counter Sales"
"234","RD13","Barishal Depot","400070","Katpotti, Barishal"
"235","RD13","Barishal Depot","400071","Agailjahara, Barishal"
"236","RD13","Barishal Depot","400073","Charmonai, Barishal"
"237","RD13","Barishal Depot","400074","Vandaria, Pirojpur"
"238","RD13","Barishal Depot","400835","Kathalia, Razapur"
"240","RD13","Barishal Depot","401001","Hizla, Barishal"
"241","RD13","Barishal Depot","401002","Miyerhat, Barishal"
"242","RD13","Barishal Depot","401003","Tushkhali, Barishal"
"243","RD14","Faridpur Depot","400195","Super Mkt., Faridpur"
"244","RD14","Faridpur Depot","400196","Diabetic, Faridpur"
"245","RD14","Faridpur Depot","400197","Medical, Faridpur"
"246","RD14","Faridpur Depot","400198","Khalilpur, Faridpur"
"247","RD14","Faridpur Depot","400199","Balikandi, Rajbari"
"248","RD14","Faridpur Depot","400200","Boalmari, Faridpur"
"249","RD14","Faridpur Depot","400201","Kashiani, Gopalgonj"
"250","RD14","Faridpur Depot","400202","Nagarkanda, Faridpur"
"251","RD14","Faridpur Depot","400203","Bhanga, Faridpur"
"252","RD14","Faridpur Depot","400204","Charvadroshan, Faridpur"
"253","RD14","Faridpur Depot","400205","Sadarpur, Faridpur"
"254","RD14","Faridpur Depot","400206","Madhukhali, Faridpur"
"255","RD14","Faridpur Depot","400207","Muksudpur, Gopalgonj"
"256","RD14","Faridpur Depot","400208","Goalonda, Rajbari"
"257","RD14","Faridpur Depot","400209","Pangsha, Rajbari"
"258","RD14","Faridpur Depot","400210","Rajbari Sadar, Rajbari"
"259","RD14","Faridpur Depot","400211","Biotech, Faridpur"
"260","RD14","Faridpur Depot","400212","Kanaipur, Faridpur"
"261","RD14","Faridpur Depot","400213","Shalta, Faridpur"
"262","RD14","Faridpur Depot","400214","Khankhanapur, Rajbari"
"263","RD14","Faridpur Depot","400215","Alfadanga, Faridpur"
"264","RD14","Faridpur Depot","400216","Ramdia, Rajbari"
"266","RD14","Faridpur Depot","400997","Satair Bazar, Boalmari"
"267","RD14","Faridpur Depot","401007","Kalukhali, Pangsha"
"268","RD14","Faridpur Depot","401008","Rajbari-2, Rajbari"
"269","RD15","Rajshahi Depot","400466","Laxmipur, Rajshahi-1"
"270","RD15","Rajshahi Depot","400467","Shaheb Bazer, Rajshahi-3"
"271","RD15","Rajshahi Depot","400468","Nowhata, Rajshahi"
"272","RD15","Rajshahi Depot","400470","Puthia, Rajshahi"
"273","RD15","Rajshahi Depot","400471","Bagmara, Rajshahi"
"274","RD15","Rajshahi Depot","400472","Tanore, Rajshahi"
"275","RD15","Rajshahi Depot","400473","Godagari, Rajshahi"
"276","RD15","Rajshahi Depot","400474","Chapai Sadar"
"277","RD15","Rajshahi Depot","400475","Natore Sadar"
"278","RD17","Bogura Depot","400476","Singra, Natore"
"279","RD15","Rajshahi Depot","400477","Rohonpur, Chapai"
"280","RD15","Rajshahi Depot","400478","Bagha, Rajshahi"
"281","RD15","Rajshahi Depot","400479","Nachole, Chapai"
"282","RD15","Rajshahi Depot","400480","Bholahat, Chapai"
"283","RD15","Rajshahi Depot","400481","Naldanga, Natore"
"284","RD15","Rajshahi Depot","400482","Durgapur, Rajshahi"
"285","RD15","Rajshahi Depot","400483","Bagatipara, Natore"
"286","RD15","Rajshahi Depot","400485","Shibgonj, Chapai"
"287","RD15","Rajshahi Depot","400486","Kanshat, Chapai"
"288","RD15","Rajshahi Depot","400487","Rajshahi Plant Counter Sales"
"289","RD15","Rajshahi Depot","400489","Jhowtola, Rajshahi -2"
"290","RD15","Rajshahi Depot","400887","Ranihati,Chapai"
"291","RD15","Rajshahi Depot","400888","Mohonpur,Rajshahi"
"292","RD15","Rajshahi Depot","400889","Charghat,Rajshahi"
"293","RD15","Rajshahi Depot","400985","Katakhali, Rajshahi"
"294","RD16","Rangpur Depot","400426","Pirgacha, Rangpur"
"295","RD16","Rangpur Depot","400427","Paotana, Rangpur"
"296","RD16","Rangpur Depot","400428","Patgram, Lalmonirhat"
"297","RD16","Rangpur Depot","400429","Satmatha, Rangpur"
"298","RD16","Rangpur Depot","400431","Station, Rangpur-1"
"299","RD16","Rangpur Depot","400432","Dhap, Rangpur-2"
"300","RD16","Rangpur Depot","400433","Medical, Rangpur-3"
"301","RD16","Rangpur Depot","400435","Mithapukur, Rangpur"
"302","RD16","Rangpur Depot","400438","Kaunia, Rangpur"
"303","RD16","Rangpur Depot","400439","Nilphamari  Sadar"
"304","RD16","Rangpur Depot","400440","Haragach, Rangpur"
"305","RD16","Rangpur Depot","400441","Gongachara, Rangpur"
"306","RD16","Rangpur Depot","400442","Hatibanda, Lalmonirhat"
"307","RD16","Rangpur Depot","400443","Jaldhaka, Nilphamari"
"308","RD16","Rangpur Depot","400444","Domar, Nilphamari"
"309","RD16","Rangpur Depot","400445","Saidpur, Nilphamari"
"310","RD16","Rangpur Depot","400446","Sundargonj, Gaibanda"
"311","RD16","Rangpur Depot","400447","Taragonj, Rangpur"
"312","RD16","Rangpur Depot","400449","Vandabari,  Rangpur"
"313","RD16","Rangpur Depot","400450","Badargonj, Rangpur"
"315","RD16","Rangpur Depot","400453","Rangpur Plant Counter Sales"
"316","RD16","Rangpur Depot","400454","Dimla, Nilphamari"
"317","RD16","Rangpur Depot","400457","Pirgonj, Rangpur"
"318","RD16","Rangpur Depot","400458","Jaigir, Rangpur"
"319","RD16","Rangpur Depot","400459","Kaliganj, Lalmonirhat"
"320","RD16","Rangpur Depot","400460","Paglapir, Rangpur"
"321","RD16","Rangpur Depot","400461","Shampur, Rangpur"
"322","RD16","Rangpur Depot","400462","Baura, Lalmonirhat"
"323","RD16","Rangpur Depot","400464","Lalbug, Rangpur-4"
"324","RD16","Rangpur Depot","400891","Saidpur-2,Nilphamari"
"325","RD16","Rangpur Depot","400892","Kishorganj,Nilphamari"
"326","RD17","Bogura Depot","400002","Nandigram, Bogura"
"327","RD17","Bogura Depot","400003","Shibganj, Bogura"
"328","RD17","Bogura Depot","400005","Belkuchi, Sirajgong"
"329","RD17","Bogura Depot","400007","Khan Mkt., Bogura-HQ-1"
"330","RD17","Bogura Depot","400008","Thana Road, Bogura-HQ-2"
"331","RD17","Bogura Depot","400009","Bogura Plant Counter sales"
"332","RD17","Bogura Depot","400010","Serpur Road, Bogura-HQ-3"
"333","RD17","Bogura Depot","400011","Sherpur-1, Bogura"
"334","RD17","Bogura Depot","400013","Dhunat, Bogura"
"335","RD17","Bogura Depot","400015","Gabtoli, Bogura"
"336","RD17","Bogura Depot","400016","Gobindagonj, Gaibandha"
"337","RD17","Bogura Depot","400017","Panchbibi, Jaypurhat"
"338","RD17","Bogura Depot","400018","Jaypurhat Sadar-1"
"339","RD17","Bogura Depot","400019","Kahalu, Bogura"
"340","RD17","Bogura Depot","400020","Kodda, Sirajgong"
"341","RD17","Bogura Depot","400021","Kazipur, Sirajgong"
"342","RD17","Bogura Depot","400022","Khetlal, Jaypurhat"
"343","RD17","Bogura Depot","400023","Majhira, Bogura"
"344","RD17","Bogura Depot","400027","Polasbari, Gaibandha"
"345","RD17","Bogura Depot","400030","Raigonj, Sirajgong"
"346","RD17","Bogura Depot","400034","Shahjadpur, Sirajgong"
"347","RD17","Bogura Depot","400035","Shariakandi, Bogura"
"348","RD17","Bogura Depot","400036","Sirajgonj Sadar - 01"
"349","RD17","Bogura Depot","400037","Sirajgonj Sadar - 02"
"350","RD17","Bogura Depot","400038","Solonga, Sirajgong"
"351","RD17","Bogura Depot","400039","Sonatola, Bogura"
"352","RD17","Bogura Depot","400040","Ullapara, Sirajgong"
"353","RD17","Bogura Depot","400041","Pirob, Bogura"
"354","RD17","Bogura Depot","400042","Gaibandha Sadar"
"355","RD17","Bogura Depot","400043","Bonarpara, Gaibandha"
"356","RD17","Bogura Depot","400044","Jaypurhat, Sadar-2"
"357","RD17","Bogura Depot","400045","Sadullapur, Gaibanda"
"358","RD17","Bogura Depot","400046","Matidali, Bogura-HQ-4"
"359","RD17","Bogura Depot","400047","Kazipur Chor, Sirajgong"
"360","RD17","Bogura Depot","400048","Shepur-2, Bogura"
"361","RD17","Bogura Depot","400858","Shahjadpur-2"
"362","RD17","Bogura Depot","400859","Gobindagonj-2"
"363","RD17","Bogura Depot","400860","Gaibandha-2"
"364","RD17","Bogura Depot","400901","Tulshighat, Gaibandha-4"
"365","RD17","Bogura Depot","400906","Polashbari-2, Gaibandha"
"366","RD17","Bogura Depot","400907","Jaypurhat Sadar - 3"
"367","RD17","Bogura Depot","400908","Belkuchi – 2, Sirajgonj"
"368","RD17","Bogura Depot","400909","Sherpur-3"
"369","RD17","Bogura Depot","400983","Hili, Joypur Hat"
"370","RD18","Maizdee Depot","400393","Hospital Road , Noakhali"
"371","RD18","Maizdee Depot","400394","Main Road , Noakhali"
"372","RD18","Maizdee Depot","400395","Sonapur, Noakhali"
"373","RD18","Maizdee Depot","400396","Mamer School, Noakhali"
"374","RD18","Maizdee Depot","400397","Laxmipur-1, Laxmipur"
"375","RD18","Maizdee Depot","400398","Ramgoti-1, Laxmipur"
"376","RD18","Maizdee Depot","400399","Podder Bazar, Laxmipur"
"377","RD18","Maizdee Depot","400400","Dattapara, Laxmipur"
"378","RD18","Maizdee Depot","400401","Chondrogonj, Laxmipur"
"379","RD18","Maizdee Depot","400402","Bangla Bazar, Laxmipur"
"380","RD18","Maizdee Depot","400403","Dasherhat-1, Noakhali"
"381","RD18","Maizdee Depot","400404","Dasherhat-2, Noakhali"
"382","RD18","Maizdee Depot","400405","Shubornachor, Noakhali"
"383","RD18","Maizdee Depot","400406","Hatia, Noakhali"
"384","RD18","Maizdee Depot","400407","Kabirhat, Noakhali"
"385","RD18","Maizdee Depot","400408","Senbagh, Noakhali"
"386","RD18","Maizdee Depot","400409","Pakmunsherhat, Noakhali"
"387","RD18","Maizdee Depot","400410","Zamiderhat, Noakhali"
"388","RD18","Maizdee Depot","400411","Chowmuhoni-1, Noakhali"
"389","RD18","Maizdee Depot","400412","Chatkhil-1, Noakhali"
"390","RD18","Maizdee Depot","400413","Chatkhil-2, Noakhali"
"391","RD18","Maizdee Depot","400414","Joyge Bazar, Noakhali"
"392","RD18","Maizdee Depot","400415","Sonaimuri, Noakhali"
"393","RD18","Maizdee Depot","400416","Amishapara, Noakhali"
"394","RD18","Maizdee Depot","400417","Laxmipur-2, Laxmipur"
"395","RD18","Maizdee Depot","400418","Chowmohuni-2, Noakhali"
"396","RD18","Maizdee Depot","400419","Ramgoti-2, Laxmipur"
"397","RD18","Maizdee Depot","400420","Ajad Nagor, Laxmipur"
"398","RD18","Maizdee Depot","400421","Maizdee Plant Counter Sales"
"399","RD18","Maizdee Depot","400422","Chaterpaya, Noakhali"
"400","RD18","Maizdee Depot","400423","Khilpara, Noakhali"
"401","RD18","Maizdee Depot","400424","Shompara, Noakhali"
"402","RD18","Maizdee Depot","400425","Thanar Hat, Noakhali"
"403","RD18","Maizdee Depot","400861","Chondrogonj-2"
"404","RD18","Maizdee Depot","400862","Senbag-2 , Noakhali"
"405","RD18","Maizdee Depot","400864","Hatia -2, Noakhali"
"406","RD18","Maizdee Depot","400865","Subornachar -2"
"407","RD18","Maizdee Depot","400867","Main Rd-2, Noakhali"
"408","RD18","Maizdee Depot","400937","Mandari Bazar, Laximipur"
"409","RD18","Maizdee Depot","400938","Bozra Bazar,Noakhali"
"410","RD19","Narayanganj Depot","400348","Adamji, Narayangonj"
"411","RD19","Narayanganj Depot","400349","B.B Road, Narayangonj"
"412","RD19","Narayanganj Depot","400350","Bondar, Narayangonj"
"413","RD19","Narayanganj Depot","400351","CTG Road - 1, Narayangonj"
"414","RD19","Narayanganj Depot","400352","CTG Road - 2, Narayangonj"
"415","RD19","Narayanganj Depot","400353","DIT, Narayangonj"
"416","RD19","Narayanganj Depot","400354","Fatullah, Narayangonj"
"417","RD19","Narayanganj Depot","400355","Jhalkuri, Narayangonj"
"418","RD19","Narayanganj Depot","400356","Kalir Bazar, Narayangonj"
"419","RD19","Narayanganj Depot","400357","Kashipur, Narayangonj"
"420","RD19","Narayanganj Depot","400358","Konapara, Dhaka"
"421","RD19","Narayanganj Depot","400359","Munshigonj - A, Munshigonj"
"422","RD19","Narayanganj Depot","400360","Munshigonj - B, Munshigonj"
"423","RD19","Narayanganj Depot","400361","Munshigonj - C, Munshigonj"
"424","RD19","Narayanganj Depot","400362","Pagla, Narayangonj"
"425","RD19","Narayanganj Depot","400363","Rayerbag, Dhaka"
"426","RD19","Narayanganj Depot","400364","Sirajdikhan, Munshigonj"
"427","RD19","Narayanganj Depot","400365","Bhoberchar, Munshigonj"
"428","RD19","Narayanganj Depot","400366","Sonargaon - A, Narayangonj"
"429","RD19","Narayanganj Depot","400367","Sonargaon - B, Narayangonj"
"430","RD19","Narayanganj Depot","400368","Sonir Akhra, Dhaka"
"431","RD19","Narayanganj Depot","400369","Masdire, Narayangonj"
"432","RD19","Narayanganj Depot","400370","CTG Road - 3, Narayangonj"
"433","RD19","Narayanganj Depot","400371","Munshigonj - D, Munshigonj"
"434","RD19","Narayanganj Depot","400372","Narayangonj Plant Counter Sales"
"435","RD19","Narayanganj Depot","400373","Khanpur, Narayangonj"
"436","RD19","Narayanganj Depot","400374","Kanchpur, Narayangonj"
"437","RD19","Narayanganj Depot","400939","CTG Road - 4, Narayangonj"
"438","RD19","Narayanganj Depot","400940","Isapura, Munshigonj"
"439","RD19","Narayanganj Depot","400941","Murgapara, Sonargaon"
"440","RD19","Narayanganj Depot","400942","Modonpur, Sonargaon"
"441","RD19","Narayanganj Depot","400943","Zia Sarani, Dhaka"
"442","RD20","Moulvibazar Depot","400376","Sremongol-Moulvbazar"
"443","RD20","Moulvibazar Depot","400377","Sindurkhan-Moulvbazar"
"444","RD20","Moulvibazar Depot","400378","Komolgonj-Moulvbazar"
"445","RD20","Moulvibazar Depot","400379","Sherpur-Moulvibazar"
"446","RD20","Moulvibazar Depot","400380","Inatgang-Habiganj"
"447","RD20","Moulvibazar Depot","400381","Borolekha-Moulvbazar"
"448","RD20","Moulvibazar Depot","400382","Juri-Moulvibazar"
"449","RD20","Moulvibazar Depot","400383","Kulaura-Moulvibazar"
"450","RD20","Moulvibazar Depot","400384","Robir Bazar-Moulvbazar"
"451","RD20","Moulvibazar Depot","400385","Boromchal-Moulvbazar"
"452","RD20","Moulvibazar Depot","400386","Rajnagar-Moulvibazar"
"453","RD20","Moulvibazar Depot","400387","Sremongal Road-Moulvbazar"
"454","RD20","Moulvibazar Depot","400388","Shomsernagar-Moulvbazar"
"455","RD20","Moulvibazar Depot","400389","Kusumbag-Moulvibazar"
"456","RD20","Moulvibazar Depot","400390","Chowmohona-Moulvbazar"
"457","RD20","Moulvibazar Depot","400391","Kagabola-Moulvibazar"
"458","RD20","Moulvibazar Depot","400392","Moulvibazar Plant Counter Sales"
"459","RD21","Feni Depot","400170","Baroyerhat, Chittagong"
"460","RD21","Feni Depot","400171","Basurhat, Noakhali"
"461","RD21","Feni Depot","400172","Chagolnaiya, Feni"
"462","RD21","Feni Depot","400173","Dagonbhuiyan, Feni"
"463","RD21","Feni Depot","400174","Fazilpur, Feni"
"464","RD21","Feni Depot","400175","Munsirhat, Feni"
"465","RD21","Feni Depot","400176","Mirsorai, Chittagong"
"466","RD21","Feni Depot","400177","Laskerhat, Feni"
"467","RD21","Feni Depot","400178","Sonagazi, Feni"
"468","RD21","Feni Depot","400179","Silonia, Feni"
"469","RD21","Feni Depot","400180","Porsuram, Feni"
"470","RD21","Feni Depot","400181","Sebarhat, Feni"
"471","RD21","Feni Depot","400182","Mohammed Ali, Feni"
"472","RD21","Feni Depot","400183","Hospital Road, Feni"
"473","RD21","Feni Depot","400184","Trunk Road, Feni"
"474","RD21","Feni Depot","400185","Gunoboti, Cumilla"
"475","RD21","Feni Depot","400186","Chowddagram, Cumilla"
"476","RD21","Feni Depot","400188","Feni Plant Counter Sales"
"477","RD21","Feni Depot","400189","Dhorkora, Cumilla"
"478","RD21","Feni Depot","400190","Kutirhat, Feni"
"479","RD21","Feni Depot","400191","Dakbangla, Feni"
"480","RD21","Feni Depot","400193","AbuTurab, Chittagong"
"481","RD21","Feni Depot","400194","Mohipal, Feni"
"482","RD21","Feni Depot","400799","Ramgor, Khagrachori"
"483","RD21","Feni Depot","400880","Bangodda, Cumilla"
"484","RD21","Feni Depot","400970","Bosurhat-2, Noakhali"
"485","RD21","Feni Depot","400971","Fulgazi, Feni"
"486","RD22","Dhaka North Depot","400957","Station Road, Tongi"
"487","RD22","Dhaka North Depot","400524","Hospital Gate, Gazipur"
"488","RD22","Dhaka North Depot","400525","College Gate-1, Gazipur"
"489","RD22","Dhaka North Depot","400526","Kaligong-1, Gazipur"
"490","RD22","Dhaka North Depot","400527","Main Road - Uttara, Dhaka"
"491","RD22","Dhaka North Depot","400528","Dokhinkhan, Dhaka"
"492","RD22","Dhaka North Depot","400529","Kamarpara, Dhaka"
"493","RD22","Dhaka North Depot","400530","BMCH - Uttara, Dhaka"
"494","RD22","Dhaka North Depot","400532","Uttara Plant Counter Sales"
"495","RD22","Dhaka North Depot","400533","College Gate-2, Gazipur"
"496","RD22","Dhaka North Depot","400837","Askona, Uttara"
"497","RD22","Dhaka North Depot","400838","Uttarkhan,Uttara"
"498","RD22","Dhaka North Depot","400918","Pubail-Gazipur"
"499","RD22","Dhaka North Depot","400919","Sonargaon Janapath, Dhaka"
"501","RD22","Dhaka North Depot","400958","Bounia-Uttara, Dhaka"
"502","RD23","Tangail Depot","400569","Akur Takur, Tangail-4"
"503","RD23","Tangail Depot","400570","Kalihati, Tangail"
"504","RD23","Tangail Depot","400571","Korotia, Tangail"
"505","RD23","Tangail Depot","400572","Gopalpur, Tangail"
"506","RD23","Tangail Depot","400573","Ghatail, Tangail"
"507","RD23","Tangail Depot","400574","Madhupur, Tangail"
"508","RD23","Tangail Depot","400575","Bhuapur, Tangail"
"509","RD23","Tangail Depot","400576","Basail, Tangail"
"510","RD23","Tangail Depot","400577","Elenga, Tangail"
"511","RD23","Tangail Depot","400578","Delduar, Tangail"
"512","RD23","Tangail Depot","400579","Mirzapur, Tangail"
"513","RD23","Tangail Depot","400580","Sakhipur, Tangail"
"514","RD23","Tangail Depot","400581","Nagarpur, Tangail"
"515","RD23","Tangail Depot","400582","Registripara, Tangail-3"
"516","RD23","Tangail Depot","400583","Hospital Gate, Tangail-1"
"517","RD23","Tangail Depot","400584","New Mkt., Tangail-2"
"518","RD23","Tangail Depot","400585","Tangail Plant Counter Sales"
"519","RD23","Tangail Depot","400586","Natiapara, Tangail"
"520","RD23","Tangail Depot","400587","Dhanbari, Tangail"
"521","RD23","Tangail Depot","400588","Kaliakair, Gazipur"
"522","RD23","Tangail Depot","400955","Mirzapur-1, Tangail"
"523","RD23","Tangail Depot","400956","Modhupur-1, Tangail"
"524","RD24","Kushtia Depot","400278","Bheramara, Kushtia"
"525","RD24","Kushtia Depot","400279","Bittipara, Kushtia"
"526","RD24","Kushtia Depot","400281","Kumarkhali, Kushtia"
"527","RD24","Kushtia Depot","400283","Mirpur, Kushtia"
"528","RD24","Kushtia Depot","400284","Kushtia-1, Sador"
"529","RD24","Kushtia Depot","400285","Kushtia-2, Sador"
"530","RD24","Kushtia Depot","400286","Puradah, Kushtia"
"531","RD24","Kushtia Depot","400291","Daulatpur, Kushtia"
"532","RD24","Kushtia Depot","400292","Kustia Plant Counter Sales"
"533","RD24","Kushtia Depot","400293","Shailkupa, Jhenaidah"
"534","RD24","Kushtia Depot","400295","Khoksha, Kushtia"
"535","RD24","Kushtia Depot","400990","Taragunia, Kushtia"
"536","RD25","Cox's Bazar Depot","400094","Nila Teknaf"
"537","RD25","Cox's Bazar Depot","400095","Notun Bazar Moheshkhali Cox's Bazar"
"538","RD25","Cox's Bazar Depot","400096","Bangla Bazar -Cox's Bazar"
"539","RD25","Cox's Bazar Depot","400296","Teknaf, Cox's Bazar"
"540","RD25","Cox's Bazar Depot","400297","Ukhiya, Cox's Bazar"
"541","RD25","Cox's Bazar Depot","400300","Ramu, Cox's Bazar"
"542","RD25","Cox's Bazar Depot","400301","Pan Bazar, Cox's Bazar"
"543","RD25","Cox's Bazar Depot","400302","Hospital Road, Cox's Bazar"
"544","RD25","Cox's Bazar Depot","400303","Moheshkhali, Cox's Bazar"
"545","RD25","Cox's Bazar Depot","400305","Pekua, Cox's Bazar"
"546","RD25","Cox's Bazar Depot","400306","Lama, Bandarban"
"547","RD25","Cox's Bazar Depot","400308","Chakaria, Cox's Bazar"
"548","RD25","Cox's Bazar Depot","400309","Eidgah, Cox's Bazar"
"549","RD25","Cox's Bazar Depot","400310","Bodarkhali, Cox's Bazar"
"550","RD25","Cox's Bazar Depot","400311","Cox'sbazar Plant Counter Sales"
"551","RD25","Cox's Bazar Depot","400312","Kutubdia, Cox's Bazar"
"552","RD25","Cox's Bazar Depot","400932","Dhurong Bazar, Cox's Bazar"
"553","RD25","Cox's Bazar Depot","400934","Court Bazar, Cox’s Bazar"
"554","RD25","Cox's Bazar Depot","400968","Aziznagor, Cox's Bazar"
"555","RD25","Cox's Bazar Depot","400969","Dulahazara, Cox's Bazar"
"556","RD26","Dinajpur Depot","400534","Baliadangi, Thakurgaon"
"557","RD26","Dinajpur Depot","400535","Boda, Panchagarh"
"558","RD26","Dinajpur Depot","400536","Birgonj, Dinajpur"
"559","RD26","Dinajpur Depot","400537","Birampur, Dinajpur"
"560","RD26","Dinajpur Depot","400538","Ruhia, Thakurgaon"
"561","RD26","Dinajpur Depot","400539","Ambari, Dinajpur"
"562","RD26","Dinajpur Depot","400540","Shetabgonj, Dinajpur"
"563","RD26","Dinajpur Depot","400541","Chirirbandar, Dinajpur"
"564","RD26","Dinajpur Depot","400542","Hospital Gate-Dinajpur-1"
"565","RD26","Dinajpur Depot","400543","Fulbari, Dinajpur"
"566","RD26","Dinajpur Depot","400544","Kaharul, Dinajpur"
"567","RD26","Dinajpur Depot","400545","New Medical, Dinajpur-3"
"568","RD26","Dinajpur Depot","400546","Panchagarh Sadar"
"569","RD26","Dinajpur Depot","400547","Parbatipur, Dinajpur"
"570","RD26","Dinajpur Depot","400548","Pirgonj, Thakurgaon"
"571","RD26","Dinajpur Depot","400549","Ranisankail, Thakurgaon"
"572","RD26","Dinajpur Depot","400550","Thakurgaon Sadar-2"
"573","RD26","Dinajpur Depot","400551","Tetulia, Panchagarh"
"574","RD26","Dinajpur Depot","400552","Thakurgaon Sadar-1"
"575","RD26","Dinajpur Depot","400553","Dinajpur Plant Counter Sales"
"576","RD26","Dinajpur Depot","400554","Charubabu, Dinajpur-2"
"577","RD26","Dinajpur Depot","400979","Ranisnkal-2,Thakurgaon"
"578","RD26","Dinajpur Depot","400980","Thakurgaon Sadar-3"
"579","RD26","Dinajpur Depot","400981","Birampur-2, Dinajpur"
"580","RD26","Dinajpur Depot","400982","Boda-2, Panchagarh"
"581","RD27","Brahmanbaria Depot","400106","BBaria Plant Counter Sales"
"582","RD27","Brahmanbaria Depot","400236","Akhaura, Brahmanbaria"
"583","RD27","Brahmanbaria Depot","400237","Ashuganj, Brahmanbaria"
"584","RD27","Brahmanbaria Depot","400238","Bangura, Brahmanbaria"
"585","RD27","Brahmanbaria Depot","400239","Bijoynagor, Brahmanbaria"
"586","RD27","Brahmanbaria Depot","400240","Bit Ghar, Brahmanbaria"
"587","RD27","Brahmanbaria Depot","400241","Jail Road, Brahmanbaria"
"588","RD27","Brahmanbaria Depot","400242","Chatalpar, Brahmanbaria"
"589","RD27","Brahmanbaria Depot","400243","Kosba, Brahmanbaria"
"590","RD27","Brahmanbaria Depot","400244","Nabinagor, Brahmanbaria"
"591","RD27","Brahmanbaria Depot","400245","Nasirnagor, Brahmanbaria"
"592","RD27","Brahmanbaria Depot","400246","Salimganj, Brahmanbaria"
"593","RD27","Brahmanbaria Depot","400247","Sorail, Brahmanbaria"
"594","RD27","Brahmanbaria Depot","400248","Naroypara, Brahmanbaria"
"595","RD27","Brahmanbaria Depot","400249","Tantor, Brahmanbaria"
"596","RD27","Brahmanbaria Depot","400250","Zibonganj, Brahmanbaria"
"597","RD27","Brahmanbaria Depot","400251","Court Road, Brahmanbaria"
"598","RD27","Brahmanbaria Depot","400836","Borail, BBaria"
"599","RD27","Brahmanbaria Depot","400935","Kuti Bazar, Brahmanbaria"
"600","RD27","Brahmanbaria Depot","400936","Lalpur, Brahmanbaria"
"601","RD28","Sathkhira Depot","400555","Kalaroa, Satkhira"
"602","RD28","Sathkhira Depot","400556","Katunda, Satkhira"
"603","RD28","Sathkhira Depot","400557","Paikgacha, Khulna"
"604","RD28","Sathkhira Depot","400558","Patkelghata, Satkhira"
"605","RD28","Sathkhira Depot","400559","Koyra, Khulna"
"606","RD28","Sathkhira Depot","400560","Kaliganj, Satkhira"
"607","RD28","Sathkhira Depot","400561","Shyamnagar, Satkhira"
"608","RD28","Sathkhira Depot","400562","Assasuni, Satkhira"
"609","RD28","Sathkhira Depot","400563","Satkhira-1, Satkhira"
"610","RD28","Sathkhira Depot","400564","Satkhira-2, Satkhira"
"611","RD28","Sathkhira Depot","400565","Nalta, Satkhira"
"612","RD28","Sathkhira Depot","400566","Bhomra, Satkhira"
"613","RD28","Sathkhira Depot","400567","Bagachra, Jashore"
"614","RD28","Sathkhira Depot","400568","Satkhira Plant Counter Sales"
"615","RD29","Chandpur Depot","400589","Baburhat, Chandpur"
"616","RD29","Chandpur Depot","400590","Haimchar, Chandpur"
"617","RD29","Chandpur Depot","400591","Nayerhat, Chandpur"
"618","RD29","Chandpur Depot","400592","Modaffar Gonj, Cumilla"
"619","RD29","Chandpur Depot","400593","Motlab, Chandpur"
"620","RD29","Chandpur Depot","400594","Narayenpur, Chandpur"
"621","RD29","Chandpur Depot","400595","Sangerchar, Chandpur"
"622","RD29","Chandpur Depot","400596","Raipur, Laxmipur"
"623","RD29","Chandpur Depot","400597","Kochua, Chandpur"
"624","RD29","Chandpur Depot","400598","Sachar, Chandpur"
"625","RD29","Chandpur Depot","400599","Ramgonj, Laxmipur"
"626","RD29","Chandpur Depot","400600","Shaharasti, Chandpur"
"627","RD29","Chandpur Depot","400601","Hazigonj, Chandpur"
"628","RD29","Chandpur Depot","400602","Haidergonj, Laxmipur"
"629","RD29","Chandpur Depot","400603","Rupsha, Chandpur"
"630","RD29","Chandpur Depot","400604","Faridgonj, Chandpur"
"631","RD29","Chandpur Depot","400605","Chandpur Sadar"
"632","RD29","Chandpur Depot","400606","Sayabani Mor, Chandpur"
"633","RD29","Chandpur Depot","400607","Rahimanagar, Chandpur"
"634","RD40","Cumilla Depot","400608","Bizra, Cumilla"
"635","RD29","Chandpur Depot","400870","Hazigonj Sadar"
"636","RD29","Chandpur Depot","400871","Shaharasti Kalibari"
"637","RD29","Chandpur Depot","400872","Ramgonj Sadar"
"638","RD29","Chandpur Depot","400873","Chandra, Chandpur"
"639","RD29","Chandpur Depot","400959","Wireless, Chandpur"
"640","RD29","Chandpur Depot","400960","Haimchar-2, Chandpur"
"641","RD29","Chandpur Depot","400961","Sangerchar-2, Chandpur"
"642","RD29","Chandpur Depot","401006","Motlab-2, Chandpur"
"643","RD29","Chandpur Depot","401005","Sachar-2, Chandpur"
"644","RD29","Chandpur Depot","401011","Mohamaya, Chandpur"
"645","RD30","Patuakhali Depot","400609","Amtoli, Barguna"
"646","RD30","Patuakhali Depot","400610","Baga, Patuakhali"
"647","RD30","Patuakhali Depot","400611","Betagi, Barguna"
"648","RD30","Patuakhali Depot","400612","Bawfal, Patuakhali"
"649","RD30","Patuakhali Depot","400613","Dasmina, Patuakhali"
"650","RD30","Patuakhali Depot","400614","Dumki, Patuakhali"
"651","RD30","Patuakhali Depot","400615","Launch Ghat,Patuakhali"
"652","RD30","Patuakhali Depot","400616","Kuakata, Patuakhali"
"653","RD30","Patuakhali Depot","400617","Mohishkata, Barguna"
"654","RD30","Patuakhali Depot","400618","Rangabali, Patuakhali"
"655","RD30","Patuakhali Depot","400619","Hospital Gate,Patuakhali"
"656","RD30","Patuakhali Depot","400620","Pharmacy Potty,Barguna"
"657","RD30","Patuakhali Depot","400621","Galachipa, Patuakhali"
"658","RD30","Patuakhali Depot","400622","Mirzagonj, Patuakhali"
"659","RD30","Patuakhali Depot","400623","Taltoli, Barguna"
"660","RD30","Patuakhali Depot","400624","Kalapara, Patuakhali"
"661","RD30","Patuakhali Depot","400625","Sador Road,Barguna"
"662","RD30","Patuakhali Depot","400626","Dharandi, Patuakhali"
"663","RD30","Patuakhali Depot","400627","Patuakhali Plant Counter Sales"
"664","RD30","Patuakhali Depot","400869","Baliatoli-Kalapara"
"665","RD30","Patuakhali Depot","400886","Amkhola, Patuakhali"
"666","RD30","Patuakhali Depot","400998","Kalesshori, Bawfal"
"667","RD30","Patuakhali Depot","400999","Namor Hat, Amtoli"
"668","RD30","Patuakhali Depot","401000","Patabunia, Galachipa"
"669","RD30","Patuakhali Depot","401012","Charbiswas, Patuakhali"
"670","RD31","Narsingdi Depot","400628","Sadar Hospital Road, Narsingdi"
"671","RD31","Narsingdi Depot","400629","Station Road, Narsingdi"
"672","RD31","Narsingdi Depot","400630","District Hospital Road, Narsingdi"
"673","RD31","Narsingdi Depot","400631","Madhobdi, Narsingdi"
"674","RD31","Narsingdi Depot","400632","Araihazar, Narayanganj"
"675","RD31","Narsingdi Depot","400633","Gapaldi, Narayanganj"
"676","RD31","Narsingdi Depot","400634","Polash, Narsingdi"
"677","RD31","Narsingdi Depot","400635","Monohardi, Narsingdi"
"678","RD31","Narsingdi Depot","400636","Shibpur, Narsingdi"
"679","RD31","Narsingdi Depot","400637","Raipura, Narsingdi"
"680","RD31","Narsingdi Depot","400638","Belabo, Narsingdi"
"681","RD31","Narsingdi Depot","400639","Rupgonj, Narayanganj"
"682","RD31","Narsingdi Depot","400640","Bhairob, Kishoreganj"
"683","RD31","Narsingdi Depot","400641","Karimpur, Narsingdi"
"684","RD31","Narsingdi Depot","400642","Pachdona, Narsingdi"
"685","RD31","Narsingdi Depot","400643","Murapara, Narayanganj"
"686","RD31","Narsingdi Depot","400644","Kamolpur, Kishoreganj"
"687","RD31","Narsingdi Depot","400830","Narsingdi Plant Counter Sales"
"688","RD31","Narsingdi Depot","400944","Kalibari, Arhaihazar"
"689","RD32","Pabna Depot","400667","Pabna-1, Pabna"
"690","RD32","Pabna Depot","400668","Pakshi, Pabna"
"691","RD32","Pabna Depot","400669","Iswardi, Pabna"
"692","RD32","Pabna Depot","400670","Atikula, Pabna"
"693","RD32","Pabna Depot","400671","Sujanagor, Pabna"
"694","RD32","Pabna Depot","400672","Bera, Pabna"
"695","RD32","Pabna Depot","400673","Chatmohor, Pabna"
"696","RD32","Pabna Depot","400674","Vangura, Pabna"
"697","RD32","Pabna Depot","400675","Goispur, Pabna"
"698","RD32","Pabna Depot","400676","Kashinathpur, Pabna"
"699","RD32","Pabna Depot","400677","Handial, Pabna"
"700","RD32","Pabna Depot","400678","Nazirpur, Natore"
"701","RD32","Pabna Depot","400679","Gurudashpur, Natore"
"702","RD32","Pabna Depot","400680","Bonpara, Natore"
"703","RD32","Pabna Depot","400681","Lalpur, Natore"
"704","RD32","Pabna Depot","400682","Pabna-2, Pabna"
"705","RD32","Pabna Depot","400683","Pabna Plant Counter Sales"
"706","RD32","Pabna Depot","400881","Atghoria, Pabna"
"707","RD32","Pabna Depot","400882","Foridpur, Pabna"
"708","RD32","Pabna Depot","400989","Pabna-3, Pabna"
"709","RD33","Dhaka South Depot","400098","DHK South Plant Counter Sales"
"710","RD33","Dhaka South Depot","400117","Keranigonj, Dhaka"
"711","RD33","Dhaka South Depot","400130","Sreenagar, Dhaka"
"712","RD33","Dhaka South Depot","400684","Tikatuli,Dhaka"
"713","RD33","Dhaka South Depot","400685","Jatrabari,Dhaka"
"714","RD33","Dhaka South Depot","400686","Jurain-1,Dhaka"
"715","RD33","Dhaka South Depot","400687","Mogbazar,Dhaka"
"716","RD33","Dhaka South Depot","400688","Old Dhaka,Dhaka"
"717","RD33","Dhaka South Depot","400689","Bounce-1,Dhaka"
"718","RD33","Dhaka South Depot","400690","Bounce-2,Dhaka"
"719","RD33","Dhaka South Depot","400691","Bounce-3,Dhaka"
"720","RD33","Dhaka South Depot","400693","Bashabo,Dhaka"
"721","RD33","Dhaka South Depot","400694","Motijheel,Dhaka"
"722","RD33","Dhaka South Depot","400695","Malibag,Dhaka"
"723","RD33","Dhaka South Depot","400696","Gulistan,Dhaka"
"724","RD33","Dhaka South Depot","400697","Mugda,Dhaka"
"725","RD33","Dhaka South Depot","400698","Shahbag-2,Dhaka"
"726","RD33","Dhaka South Depot","400699","Shahbag-1,Dhaka"
"727","RD33","Dhaka South Depot","400700","Lalbag,Dhaka"
"728","RD33","Dhaka South Depot","400701","Azimpur,Dhaka"
"729","RD33","Dhaka South Depot","400702","Kamrangirchar,Dhaka"
"730","RD33","Dhaka South Depot","400703","Green Road,Dhaka"
"732","RD33","Dhaka South Depot","400705","Khilgaon,Dhaka"
"733","RD06","Dhaka West Depot","400706","Kalabagan,Dhaka"
"734","RD33","Dhaka South Depot","400866","Jurain-2"
"735","RD33","Dhaka South Depot","400925","Louhajang,Dhaka"
"736","RD33","Dhaka South Depot","400954","Kamrangirchar - 2, Dhaka"
"737","RD34","Madaripur Depot","400707","Sadar, Gopalgonj"
"738","RD34","Madaripur Depot","400708","Silachar, Madaripur"
"739","RD34","Madaripur Depot","400709","Goshairhat, Shariatpur"
"740","RD34","Madaripur Depot","400710","Tekerhat, Madaripur"
"741","RD34","Madaripur Depot","400711","Charmuguria, Madaripur"
"742","RD34","Madaripur Depot","400712","Kotalipara, Gopalgonj"
"743","RD34","Madaripur Depot","400713","Hospital Gate, Madaripur"
"744","RD34","Madaripur Depot","400714","Puran Bazar, Madaripur"
"745","RD34","Madaripur Depot","400715","Jajira, Shariatpur"
"746","RD34","Madaripur Depot","400716","Kalkini, Madaripur"
"747","RD34","Madaripur Depot","400717","Shibchar, Madaripur"
"748","RD34","Madaripur Depot","400718","Sadar, Shariatpur"
"749","RD34","Madaripur Depot","400719","Ramdia, Gopalgonj"
"750","RD34","Madaripur Depot","400720","Damudia, Shariatpur"
"751","RD34","Madaripur Depot","400721","Naria, Shariatpur"
"752","RD34","Madaripur Depot","400722","Bhedorgonj, Shariatpur"
"753","RD34","Madaripur Depot","400723","Mollarhat, Bagerhat"
"754","RD34","Madaripur Depot","400724","Madaripur Plant Counter Sales"
"755","RD34","Madaripur Depot","400874","Tungipara, Gopalgonj"
"756","RD34","Madaripur Depot","401004","Gopalgonj-2, Gopalgonj"
"757","RD35","Savar Depot","400725","Ashulia, Savar"
"758","RD35","Savar Depot","400726","Dhamrai, Savar"
"759","RD35","Savar Depot","400727","EPZ, Savar"
"760","RD35","Savar Depot","400728","Manikgonj"
"761","RD35","Savar Depot","400729","Saturia, Manikgonj"
"762","RD35","Savar Depot","400730","Singair, Manikgonj"
"763","RD35","Savar Depot","400731","Thana Road, Savar"
"764","RD35","Savar Depot","400732","Aundo Market, Savar"
"765","RD35","Savar Depot","400733","Wabda Road, Savar"
"766","RD35","Savar Depot","400734","Zirani, Savar"
"767","RD35","Savar Depot","400735","Zitka-Harrirampur, Manikgonj"
"768","RD35","Savar Depot","400736","Ghior - Aricha, Manikgonj"
"769","RD35","Savar Depot","400737","Hemayetpur, Savar"
"770","RD35","Savar Depot","400738","Ashulia - 2, Savar"
"771","RD35","Savar Depot","400831","Savar Plant Counter Sales"
"773","RD35","Savar Depot","400839","SR Road Manikgonj"
"774","RD35","Savar Depot","400912","Bagbari, Savar"
"775","RD35","Savar Depot","400914","Nabinagar, Savar"
"776","RD35","Savar Depot","400921","Joyra Road, Manikganj"
"777","RD35","Savar Depot","400922","Kalampur, Dhamrai"
"778","RD35","Savar Depot","400924","Aricha,Savar"
"779","RD35","Savar Depot","400949","Singair-2, Manikgonj"
"780","RD35","Savar Depot","400950","Sreepur, EPZ"
"781","RD35","Savar Depot","400951","Zirabo , Ashulia"
"782","RD36","Jamalpur Depot","400739","Jamalpur Sadar, Jamalpur"
"783","RD36","Jamalpur Depot","400740","Melandah, Jamalpur"
"784","RD36","Jamalpur Depot","400741","Mothergonj, Jamalpur"
"785","RD36","Jamalpur Depot","400742","Dikpaith, Jamalpur"
"786","RD36","Jamalpur Depot","400743","Islampur, Jamalpur"
"787","RD36","Jamalpur Depot","400744","Jhenaigati, Sherpur"
"788","RD36","Jamalpur Depot","400745","Nandina, Jamalpur"
"789","RD36","Jamalpur Depot","400746","Nakla, Sherpur"
"790","RD36","Jamalpur Depot","400747","Nalitabari, Sherpur"
"791","RD36","Jamalpur Depot","400748","Sharishabari, Jamalpur"
"792","RD36","Jamalpur Depot","400749","Bakshiganj, Jamalpur"
"793","RD36","Jamalpur Depot","400750","Sherpur Sadar, Sherpur"
"794","RD36","Jamalpur Depot","400751","Roumari, Kurigram"
"795","RD36","Jamalpur Depot","400752","Jamalpur Sadar 2, Jamalpur"
"796","RD36","Jamalpur Depot","400753","Dewangonj, Jamalpur"
"797","RD36","Jamalpur Depot","400754","Sherpur Sadar 2, Sherpur"
"798","RD36","Jamalpur Depot","400828","Jamalpur Plant Counter Sales"
"800","RD36","Jamalpur Depot","400947","Sreebordi"
"801","RD36","Jamalpur Depot","400948","Tarakandi"
"802","RD37","Gazipur Depot","400755","Gazipur -1, Gazipur"
"803","RD37","Gazipur Depot","400756","Gazipur -2, Gazipur"
"804","RD37","Gazipur Depot","400757","Gazipur Chowrasta, Gazipur"
"805","RD37","Gazipur Depot","400758","Board Bazar -1, Gazipur"
"806","RD37","Gazipur Depot","400759","Vawal Mirzapur, Gazipur"
"807","RD37","Gazipur Depot","400760","Rajendrapur, Gazipur"
"808","RD37","Gazipur Depot","400761","Kapasia, Gazipur"
"809","RD37","Gazipur Depot","400762","Mawna -1, Gazipur"
"810","RD37","Gazipur Depot","400763","Mawna -2, Gazipur"
"811","RD37","Gazipur Depot","400764","Barmi, Gazipur"
"812","RD37","Gazipur Depot","400765","Shofipur, Gazipur"
"813","RD37","Gazipur Depot","400766","Konabari, Gazipur"
"814","RD37","Gazipur Depot","400767","Board Bazar -2, Gazipur"
"815","RD37","Gazipur Depot","400768","Barmi-2, Gazipur"
"816","RD37","Gazipur Depot","400826","Gazipur Plant Counter Sales"
"817","RD37","Gazipur Depot","400927","Konabari-1, Gazipur"
"818","RD37","Kishoreganj Depot","400928","Kapasia-1, Gazipur"
"819","RD38","Kishoreganj Depot","400769","Bajitpur, Kishoreganj"
"820","RD38","Kishoreganj Depot","400770","Kotiadi, Kishoreganj"
"821","RD38","Kishoreganj Depot","400771","Kuliarchar, Kishoreganj"
"822","RD38","Kishoreganj Depot","400772","Pakundia, Kishoreganj"
"823","RD38","Kishoreganj Depot","400773","Mithamoin, Kishoreganj"
"824","RD38","Kishoreganj Depot","400774","Hossainpur, Kishoreganj"
"825","RD38","Kishoreganj Depot","400775","Karimganj, Kishoreganj"
"826","RD38","Kishoreganj Depot","400776","Kendua, Netrakona"
"827","RD38","Kishoreganj Depot","400777","Madan, Netrakona"
"828","RD38","Kishoreganj Depot","400778","Kishoreganj-1, Kishoreganj"
"829","RD38","Kishoreganj Depot","400779","Nandail, Mymensingh"
"830","RD38","Kishoreganj Depot","400780","Tarail, Kishoreganj"
"831","RD38","Kishoreganj Depot","400781","Austogram, Kishoreganj"
"832","RD38","Kishoreganj Depot","400782","Kishoreganj-2, Kishoreganj"
"833","RD38","Kishoreganj Depot","400829","KGONJ Plant Counter Sales"
"835","RD38","Kishoreganj Depot","400840","Atharabari"
"836","RD38","Kishoreganj Depot","400841","Itna, Kishoreganj"
"837","RD38","Kishoreganj Depot","400913","Nikly, Kishoreganj"
"838","RD39","Habiganj Depot","400375","Bahubal-Hobigonj"
"839","RD39","Habiganj Depot","400783","Nobiganj-Habiganj"
"840","RD39","Habiganj Depot","400784","Comercial-Habiganj"
"841","RD39","Habiganj Depot","400785","Baniachang-Habiganj"
"842","RD39","Habiganj Depot","400786","Sayestaganj-Habiganj"
"843","RD39","Habiganj Depot","400787","Lakhai-Habiganj"
"844","RD39","Habiganj Depot","400788","Chunarughat-Habiganj"
"845","RD39","Habiganj Depot","400789","Azmerigonj-Habiganj"
"846","RD39","Habiganj Depot","400790","Hospital Road-Habiganj"
"847","RD39","Habiganj Depot","400791","Madhabpur-Habiganj"
"848","RD39","Habiganj Depot","400792","Montola-Habiganj"
"849","RD39","Habiganj Depot","400793","Adampur-Habiganj"
"850","RD39","Habiganj Depot","400827","Habiganj Plant Counter Sales"
"851","RD39","Habiganj Depot","400842","Noyapara-Madhubpur"
"852","RD39","Habiganj Depot","400853","Markuli"
"853","RD40","Cumilla Depot","400133","Laksham, Cumilla"
"854","RD40","Cumilla Depot","400134","Bagmara, Cumilla"
"855","RD40","Cumilla Depot","400135","Nangalkot, Cumilla"
"856","RD40","Cumilla Depot","400136","Kongsonagar, Cumilla"
"857","RD40","Cumilla Depot","400137","Monohorgonj, Cumilla"
"858","RD40","Cumilla Depot","400138","Muradnagar, Cumilla"
"859","RD40","Cumilla Depot","400139","Debidwar, Cumilla"
"860","RD40","Cumilla Depot","400140","Gouripur, Cumilla"
"861","RD40","Cumilla Depot","400141","Megna, Cumilla"
"862","RD40","Cumilla Depot","400142","Daudkandi, Cumilla"
"863","RD40","Cumilla Depot","400143","Batakandi, Cumilla"
"864","RD40","Cumilla Depot","400144","Chandina, Cumilla"
"865","RD40","Cumilla Depot","400145","Elietgonj, Cumilla"
"866","RD40","Cumilla Depot","400146","Mia Bazar, Cumilla"
"867","RD40","Cumilla Depot","400147","Bancharampur, Cumilla"
"868","RD40","Cumilla Depot","400148","Adda, Cumilla"
"869","RD40","Cumilla Depot","400149","Barura, Cumilla"
"870","RD40","Cumilla Depot","400150","Bijoipur, Cumilla"
"871","RD40","Cumilla Depot","400151","Burichang, Cumilla"
"872","RD40","Cumilla Depot","400152","Homna, Cumilla"
"873","RD40","Cumilla Depot","400153","B.Para, Cumilla"
"874","RD40","Cumilla Depot","400154","Cantonment, Cumilla"
"875","RD40","Cumilla Depot","400155","Medical, Cumilla"
"876","RD40","Cumilla Depot","400156","Chawk Bazar, Cumilla"
"877","RD40","Cumilla Depot","400157","Kandirpar, Cumilla"
"878","RD40","Cumilla Depot","400158","Soshidol, Cumilla"
"879","RD40","Cumilla Depot","400159","Old Wholesale, Cumilla"
"880","RD40","Cumilla Depot","400160","New Wholesale, Cumilla"
"881","RD40","Cumilla Depot","400161","Kalir Bazar, Cumilla"
"882","RD40","Cumilla Depot","400162","Madhaya, Cumilla"
"883","RD40","Cumilla Depot","400163","Cumilla Plant Counter Sales"
"884","RD40","Cumilla Depot","400164","Diabatics, Cumilla"
"885","RD40","Cumilla Depot","400165","Laksham 2, Cumilla"
"886","RD40","Cumilla Depot","400166","Horichor, Cumilla"
"887","RD40","Cumilla Depot","400167","Ramchandropur, Cumilla"
"888","RD40","Cumilla Depot","400168","Gouripur 2, Cumilla"
"889","RD40","Cumilla Depot","400169","Jhawtala, Cumilla"
"890","RD40","Cumilla Depot","400187","Munsirhat, Cumilla"
"891","RD40","Cumilla Depot","400884","Suagazi, Cumilla"
"892","RD40","Cumilla Depot","400885","Companigonj, Cumilla"
"893","RD40","Cumilla Depot","400905","Rammohan, Cumilla"
"894","RD40","Cumilla Depot","400977","Soyotpur, Cumilla"
"895","RD40","Naogaon Depot","400978","Ranirbazar,Cumilla"
"896","RD41","Naogaon Depot","400001","Akkelpur, Jaypurhat"
"897","RD41","Naogaon Depot","400004","Atrai, Naogaon"
"898","RD41","Naogaon Depot","400006","Bodolgasi, Naogaon"
"899","RD41","Naogaon Depot","400012","Dhamorhat, Naogaon"
"900","RD41","Naogaon Depot","400014","Dupchachia, Bogura"
"901","RD41","Naogaon Depot","400024","Sotirhat, Naogaon"
"902","RD41","Naogaon Depot","400025","Mohadevpur, Naogaon"
"903","RD41","Naogaon Depot","400026","Naogaon Sadar-1"
"904","RD41","Naogaon Depot","400028","Patnitola, Naogaon"
"905","RD41","Naogaon Depot","400029","Porsha, Naogaon"
"906","RD41","Naogaon Depot","400031","Raninagar, Naogaon"
"907","RD41","Naogaon Depot","400032","Santahar, Bogura"
"908","RD41","Naogaon Depot","400033","Sapahar, Naogaon"
"909","RD41","Naogaon Depot","400049","Naogaon Sadar-2"
"910","RD41","Naogaon Depot","400469","Manda, Naogaon"
"911","RD41","Naogaon Depot","400488","Naogaon Plant Counter Sales"
"912","RD41","Naogaon Depot","400890","Niamatpur, Naogaon"
"913","RD42","Bhola Depot","400053","Charfasion, Bhola"
"914","RD42","Bhola Depot","400059","Bhola Sadar, Bhola"
"915","RD42","Bhola Depot","400069","Borhanuddin, Bhola"
"916","RD42","Bhola Depot","400072","Lalmohon, Bhola"
"917","RD42","Bhola Depot","400843","Gojaria, Bhola"
"918","RD42","Bhola Depot","400844","Daulatkhan, Bhola"
"919","RD42","Bhola Depot","400845","Tazumuddin, Bhola"
"920","RD42","Bhola Depot","400846","Elisha, Bhola"
"921","RD42","Bhola Depot","400847","Bankerhut, Bhola"
"922","RD42","Bhola Depot","400848","Dular Hat, Bhola"
"923","RD42","Bhola Depot","400849","Monpura, Bhola"
"924","RD42","Bhola Depot","400850","Bhola Counter S"
"925","RD42","Bhola Depot","400902","Char Kukri Mukri"
"926","RD42","Bhola Depot","400903","Kolatoli, Bhola"
"927","RD42","Bhola Depot","400904","South Aicha, Bhola"
"928","RD42","Bhola Depot","400991","Bangla Bazar, Daulatkhan"
"929","RD42","Bhola Depot","400992","Chairman Bazar, South Aicha"
"930","RD42","Bhola Depot","400993","Hospital Gate, Charfasion"
"931","RD42","Bhola Depot","400994","Mozom, Borhanuddin"
"932","RD42","Bhola Depot","400995","Natun Bazar, Bhola Sadar"
"933","RD42","Bhola Depot","400996","Uttar Bazar, Lalmohon"
"934","RD43","Kurigram Depot","400430","Rajarhat, Kurigram"
"935","RD43","Kurigram Depot","400434","Nageshwari, Kurigram"
"936","RD43","Kurigram Depot","400436","Lalmonirhat Sadar"
"937","RD43","Kurigram Depot","400448","Ulipur, Kurigram"
"938","RD43","Kurigram Depot","400451","Aditmari, Lalmonirhat"
"939","RD43","Kurigram Depot","400452","Bhurungamari, Kurigram"
"940","RD43","Kurigram Depot","400455","Chilmari, Kurigram"
"941","RD43","Kurigram Depot","400456","Fulbari, Kurigram"
"942","RD43","Kurigram Depot","400463","Kochakata, Kurigram"
"943","RD43","Kurigram Depot","400465","Kurigram Sadar"
"944","RD43","Kurigram Depot","400875","Kurigram Counter Sales"
"945","RD43","Kurigram Depot","400984","Mogholbasa"
"946","RD45","Keranihat Depot","400085","Dohazari, Chattogram"
"947","RD45","Keranihat Depot","400086","Potia M/G, CTG"
"948","RD45","Keranihat Depot","400090","Bashkhali, CTG"
"949","RD45","Keranihat Depot","400091","Mosharof Ali Hat, CTG"
"950","RD45","Keranihat Depot","400100","Potia B/S, CTG"
"951","RD45","Keranihat Depot","400102","Gunagari, Chattogram"
"952","RD45","Keranihat Depot","400298","Keranihat, CTG"
"953","RD45","Keranihat Depot","400299","Satkania, Chattogram"
"954","RD45","Keranihat Depot","400304","Amirabad, Chattogram"
"955","RD45","Keranihat Depot","400307","Bandarban, Bandarban"
"956","RD45","Keranihat Depot","400313","Bazalia, Chattogram"
"957","RD45","Keranihat Depot","400314","Padua, Chattogram"
"958","RD45","Keranihat Depot","400878","Keranihat Counter Sales"
"959","RD45","Keranihat Depot","400965","Amirabad School Road"
"960","RD45","Keranihat Depot","400966","Bashkhali Chambol"
"961","RD45","Keranihat Depot","400967","Chondonise"
"962","RD46","Chuadanga Depot","400257","Kotchandpur, Jhenidah"
"963","RD46","Chuadanga Depot","400265","Moheshpur, Jhenidah"
"964","RD46","Chuadanga Depot","400266","Dakbangla, Jhenidah"
"965","RD46","Chuadanga Depot","400276","Alamdanga, Chuadanga"
"966","RD46","Chuadanga Depot","400277","Jibannagar, Chuadanga"
"967","RD46","Chuadanga Depot","400280","Gangni, Meherpur"
"968","RD46","Chuadanga Depot","400282","Sarojgonj, Chuadanga"
"969","RD46","Chuadanga Depot","400287","Meherpur, Sador"
"970","RD46","Chuadanga Depot","400288","Amjhupi, Meherpur"
"971","RD46","Chuadanga Depot","400289","Chuadanga, Sador"
"972","RD46","Chuadanga Depot","400290","Damurhuda, Chuadanga"
"973","RD46","Chuadanga Depot","400294","Darshana, Chuadanga"
"974","RD46","Chuadanga Depot","400879","Chuadanga Counter Sales"
"975","RD49","Dhaka East Depot","400116","Mohakhali, Dhaka"
"976","RD49","Dhaka East Depot","400118","Gulshan, Dhaka"
"977","RD49","Dhaka East Depot","400119","Badda, Dhaka"
"978","RD49","Dhaka East Depot","400121","Bonani, Dhaka"
"979","RD49","Dhaka East Depot","400531","Khilkhet, Dhaka"
"980","RD49","Dhaka East Depot","400692","DIT-1,Dhaka"
"981","RD49","Dhaka East Depot","400910","Dhaka East Counter Sales"
"982","RD49","Dhaka East Depot","400929","Natun Bazar, Dhaka"
"983","RD49","Dhaka East Depot","400930","Banasree, Dhaka"
"987","RD33","Dhaka South Depot","401015","Rohitpur, Dhaka"
"990","RD36","Jamalpur Depot","401016","Hazrabari, Jamalpur"
"991","RD38","Kishoreganj Depot","401017","Bakchanda, Nandail"
"992","RD28","Satkhira Depot","401018","Tala, Satkhira"
"993","RD30","Patuakhali Depot","401019","Moudubi, Patuakhali"
"994","RD46","Chuadanga Depot","401022","Hospital Gate,Cdanga"
"995","RD46","Chuadanga Depot","401023","Mujibnagar,Chuadanga"
"996","RD26","Dinajpur Depot","401025","Birol, Dinajpur"
"997","RD33","Dhaka South Depot","401024","Zinzira, Dhaka"
"998","RD06","Dhaka West Depot","400704","Farmgate, Dhaka"
"999","RD31","Narsingdi Depot","401020","Ghorshal, Narsingdi"
"1000","RD31","Narsingdi Depot","401021","Hatirdia, Narsingdi"
"1001","RD38","Kishoreganj Depot","401033","Kotiadi, Kishoreganj"
"1002","RD10","Mymensingh Depot","401028","Charpara-3, Mym"
"1003","RD10","Mymensingh Depot","401029","Porangonj, T.kanda Mym"
"1004","RD32","Pabna Depot","401032","Sathia, Pabna"
"1005","RD24","Kushtia Depot","401031","Medical CollegeGate,Kushtia"
"1006","RD23","Tangail Depot","401030","Tokterchala,  Shokhipur"
"1007","RD33","Dhaka South Depot","401027","Shahjahanpur, Dhaka "
"1008","RD33","Dhaka South Depot","401047","Mouchak, Dhaka "
"1009","RD10","Mymensingh Depot","401034","Bhaluka-3, Mym"
"1010","RD10","Mymensingh Depot","401035","Muktagacha-2, Mym"
"1011","RD10","Mymensingh Depot","401036","Trisal-2, Mym"
"1012","RD15","Rajshahi Depot","401037","Chapai Sadar 2"
"1013","RD15","Rajshahi Depot","401038","Natore Sadar 2"
"1014","RD19","Narayanganj Depot","401039","ICM Gate-N.ganj"
"1015","RD23","Tangail Depot","401040","Chanddra, Gazipur"
"1016","RD36","Jamalpur Depot","401041","Vimgonj, Sherpur"
"1017","RD36","Jamalpur Depot","401042","Mahmudpur, Jamalpur"
"1018","RD37","Gazipur Depot","401043","Baghar Bazer, Gazipur"
"1019","RD38","Kishoreganj Depot","401044","Puran Thana, Kish.ganj"
"1020","RD43","Kurigram Depot","401045","Borobari, Lalmonirhat"
"1021","RD41","Naogaon Depot","401046","Adomdighi, Bogura"
"1022","RD08","Chattogram West Depot","401053","Borofkundu,CTG"
"1023","RD08","Chottogram West Depot","401048","Fultala, Chottogram"
"1024","RD26","Dinajpur Depot","401049","Ranirbandar, Dinajpur"
"1025","RD26","Dinajpur Depot","401050","Goriya,Thakurgoan"
"1026","RD41","Naogaon Depot","401051","Matajihat,Naogaon"
"1027","RD41","Naogaon Depot","401052","Chowmuhani,Bogura"
"1030","RD07","Chattogram East Depot","401055","Barkal, Rangamti"
"1031","RD31","Narsingdi Depot","401026","Kanchan, Narayanganj"
"1032","RD06","Dhaka West Depot","401056","Atibazar, Dhaka "
"1033","RD36","Jamalpur Depot","401057","Guthail, Jamalpur"
"1034","RD12","Khulna Depot","401058","Nirala, Khulna"
"1035","RD41","Naogaon Depot","401059","Patisar, Naogaon"
